p1	p2	rg	se	z	p	h2_obs	h2_obs_se	h2_int	h2_int_se	gcov_int	gcov_int_se	nsnps
data/formated/ldsc/Yengo2018bmi.sumstats.gz	data/formated/ldsc/covidhgi2020A2v5alleur.sumstats.gz	0.2498	0.0694	3.6014	0.0003	0.0012	0.0004	1.0144	0.0073	0.0177	0.0068	989227
data/formated/ldsc/Yengo2018bmi.sumstats.gz	data/formated/ldsc/covidhgi2020B2v5alleur.sumstats.gz	0.2896	0.0613	4.7234	2.3189e-06	0.0012	0.0004	1.006	0.0079	0.0298	0.0068	987530
data/formated/ldsc/Yengo2018bmi.sumstats.gz	data/formated/ldsc/covidhgi2020C2v5alleur.sumstats.gz	0.2035	0.0437	4.6593	3.1725e-06	0.0013	0.0003	1.0211	0.0069	0.0269	0.0076	1006459
data/formated/ldsc/Yengo2018bmi.sumstats.gz	data/formated/ldsc/covidhgi2020A2v5alleurLeaveUKBB.sumstats.gz	0.2385	0.0638	3.7365	0.0002	0.0016	0.0005	1.0124	0.0068	0.0144	0.0071	987893
data/formated/ldsc/Yengo2018bmi.sumstats.gz	data/formated/ldsc/covidhgi2020B2v5alleurLeaveUKBB.sumstats.gz	0.2241	0.0568	3.9444	7.9985e-05	0.0014	0.0004	1.0065	0.0075	0.0188	0.0068	984644
data/formated/ldsc/Yengo2018bmi.sumstats.gz	data/formated/ldsc/covidhgi2020C2v5alleurLeaveUKBB.sumstats.gz	0.126	0.045	2.8005	0.0051	0.0013	0.0004	1.0166	0.0068	0.0142	0.0071	1002212
data/formated/ldsc/Mahajan2018t2d.sumstats.gz	data/formated/ldsc/covidhgi2020A2v5alleur.sumstats.gz	0.2525	0.0648	3.8937	9.8726e-05	0.0014	0.0004	1.0104	0.0069	0.0079	0.0048	1146958
data/formated/ldsc/Mahajan2018t2d.sumstats.gz	data/formated/ldsc/covidhgi2020B2v5alleur.sumstats.gz	0.255	0.0588	4.3383	1.4358e-05	0.0013	0.0004	1.0045	0.008	0.0251	0.0048	1143067
data/formated/ldsc/Mahajan2018t2d.sumstats.gz	data/formated/ldsc/covidhgi2020C2v5alleur.sumstats.gz	0.15	0.0552	2.7168	0.0066	0.0013	0.0003	1.0218	0.0064	0.0235	0.0056	1165392
data/formated/ldsc/Mahajan2018t2d.sumstats.gz	data/formated/ldsc/covidhgi2020A2v5alleurLeaveUKBB.sumstats.gz	0.2769	0.0605	4.5736	4.7937e-06	0.0019	0.0005	1.0082	0.0063	0.0027	0.0048	1144730
data/formated/ldsc/Mahajan2018t2d.sumstats.gz	data/formated/ldsc/covidhgi2020B2v5alleurLeaveUKBB.sumstats.gz	0.2717	0.0654	4.1576	3.2160e-05	0.0015	0.0005	1.0072	0.008	0.0115	0.0049	1137750
data/formated/ldsc/Mahajan2018t2d.sumstats.gz	data/formated/ldsc/covidhgi2020C2v5alleurLeaveUKBB.sumstats.gz	0.1102	0.0582	1.8926	0.0584	0.0014	0.0003	1.0166	0.0065	0.0159	0.0052	1159063
data/formated/ldsc/Willer2013hdl.sumstats.gz	data/formated/ldsc/covidhgi2020A2v5alleur.sumstats.gz	-0.1357	0.062	-2.19	0.0285	0.0013	0.0004	1.0129	0.0071	0.001	0.0047	1006663
data/formated/ldsc/Willer2013hdl.sumstats.gz	data/formated/ldsc/covidhgi2020B2v5alleur.sumstats.gz	-0.1444	0.0586	-2.4649	0.0137	0.0012	0.0004	1.0048	0.0076	0.0031	0.0054	1004453
data/formated/ldsc/Willer2013hdl.sumstats.gz	data/formated/ldsc/covidhgi2020C2v5alleur.sumstats.gz	-0.0858	0.0532	-1.6135	0.1066	0.0014	0.0003	1.0198	0.0063	0.0013	0.005	1022466
data/formated/ldsc/Willer2013hdl.sumstats.gz	data/formated/ldsc/covidhgi2020A2v5alleurLeaveUKBB.sumstats.gz	-0.1142	0.0575	-1.9871	0.0469	0.0017	0.0005	1.01	0.0069	-0.0008	0.0047	1005481
data/formated/ldsc/Willer2013hdl.sumstats.gz	data/formated/ldsc/covidhgi2020B2v5alleurLeaveUKBB.sumstats.gz	-0.1155	0.0557	-2.0734	0.0381	0.0015	0.0004	1.0039	0.0074	-0.0006	0.0052	1001292
data/formated/ldsc/Willer2013hdl.sumstats.gz	data/formated/ldsc/covidhgi2020C2v5alleurLeaveUKBB.sumstats.gz	-0.0543	0.0517	-1.0502	0.2936	0.0014	0.0004	1.0153	0.0065	0.0005	0.0047	1017806
data/formated/ldsc/Willer2013ldl.sumstats.gz	data/formated/ldsc/covidhgi2020A2v5alleur.sumstats.gz	0.0354	0.0712	0.4965	0.6196	0.0013	0.0004	1.0127	0.0072	0.001	0.0046	1005658
data/formated/ldsc/Willer2013ldl.sumstats.gz	data/formated/ldsc/covidhgi2020B2v5alleur.sumstats.gz	-0.0769	0.0652	-1.1802	0.2379	0.0012	0.0004	1.0048	0.0077	0.0062	0.0056	1003461
data/formated/ldsc/Willer2013ldl.sumstats.gz	data/formated/ldsc/covidhgi2020C2v5alleur.sumstats.gz	-0.0207	0.0607	-0.3412	0.733	0.0014	0.0003	1.0194	0.0063	0.002	0.0043	1021468
data/formated/ldsc/Willer2013ldl.sumstats.gz	data/formated/ldsc/covidhgi2020A2v5alleurLeaveUKBB.sumstats.gz	0.0449	0.0738	0.6078	0.5433	0.0017	0.0005	1.0098	0.0069	0.0003	0.0048	1004491
data/formated/ldsc/Willer2013ldl.sumstats.gz	data/formated/ldsc/covidhgi2020B2v5alleurLeaveUKBB.sumstats.gz	-0.0859	0.0637	-1.3472	0.1779	0.0015	0.0004	1.0043	0.0074	0.0075	0.0049	1000334
data/formated/ldsc/Willer2013ldl.sumstats.gz	data/formated/ldsc/covidhgi2020C2v5alleurLeaveUKBB.sumstats.gz	-0.0319	0.0665	-0.4789	0.632	0.0014	0.0004	1.0153	0.0065	0.0046	0.0044	1016821
data/formated/ldsc/Willer2013tc.sumstats.gz	data/formated/ldsc/covidhgi2020A2v5alleur.sumstats.gz	0.0336	0.0654	0.5143	0.6071	0.0013	0.0004	1.0129	0.0071	0.0014	0.0049	1006528
data/formated/ldsc/Willer2013tc.sumstats.gz	data/formated/ldsc/covidhgi2020B2v5alleur.sumstats.gz	-0.0679	0.0602	-1.1289	0.2589	0.0012	0.0004	1.005	0.0076	0.0075	0.0056	1004321
data/formated/ldsc/Willer2013tc.sumstats.gz	data/formated/ldsc/covidhgi2020C2v5alleur.sumstats.gz	-0.026	0.055	-0.4731	0.6361	0.0013	0.0003	1.0199	0.0062	0.0043	0.0046	1022329
data/formated/ldsc/Willer2013tc.sumstats.gz	data/formated/ldsc/covidhgi2020A2v5alleurLeaveUKBB.sumstats.gz	0.0408	0.0675	0.6049	0.5452	0.0017	0.0005	1.0101	0.0069	0.0005	0.005	1005348
data/formated/ldsc/Willer2013tc.sumstats.gz	data/formated/ldsc/covidhgi2020B2v5alleurLeaveUKBB.sumstats.gz	-0.0736	0.0592	-1.2438	0.2136	0.0015	0.0004	1.0042	0.0074	0.0063	0.0051	1001158
data/formated/ldsc/Willer2013tc.sumstats.gz	data/formated/ldsc/covidhgi2020C2v5alleurLeaveUKBB.sumstats.gz	-0.0337	0.0588	-0.5728	0.5668	0.0014	0.0004	1.0155	0.0065	0.006	0.0043	1017672
data/formated/ldsc/Willer2013tg.sumstats.gz	data/formated/ldsc/covidhgi2020A2v5alleur.sumstats.gz	0.1277	0.0597	2.1408	0.0323	0.0013	0.0004	1.0129	0.0072	9.8989e-05	0.0048	1005677
data/formated/ldsc/Willer2013tg.sumstats.gz	data/formated/ldsc/covidhgi2020B2v5alleur.sumstats.gz	0.0852	0.0537	1.5852	0.1129	0.0012	0.0004	1.0051	0.0077	0.0019	0.0048	1003475
data/formated/ldsc/Willer2013tg.sumstats.gz	data/formated/ldsc/covidhgi2020C2v5alleur.sumstats.gz	0.0615	0.0468	1.3158	0.1883	0.0014	0.0003	1.0194	0.0063	0.0024	0.0044	1021480
data/formated/ldsc/Willer2013tg.sumstats.gz	data/formated/ldsc/covidhgi2020A2v5alleurLeaveUKBB.sumstats.gz	0.122	0.0573	2.1313	0.0331	0.0017	0.0005	1.01	0.0069	0.0008	0.0047	1004505
data/formated/ldsc/Willer2013tg.sumstats.gz	data/formated/ldsc/covidhgi2020B2v5alleurLeaveUKBB.sumstats.gz	0.0811	0.0548	1.4788	0.1392	0.0015	0.0004	1.0045	0.0074	2.2675e-05	0.0047	1000352
data/formated/ldsc/Willer2013tg.sumstats.gz	data/formated/ldsc/covidhgi2020C2v5alleurLeaveUKBB.sumstats.gz	0.0349	0.0501	0.6972	0.4857	0.0014	0.0004	1.0152	0.0064	0.0013	0.0043	1016836
data/formated/ldsc/Dashti2019slepdur.sumstats.gz	data/formated/ldsc/covidhgi2020A2v5alleur.sumstats.gz	0.0036	0.0561	0.0639	0.949	0.0014	0.0004	1.0105	0.0069	-0.0021	0.0053	1147001
data/formated/ldsc/Dashti2019slepdur.sumstats.gz	data/formated/ldsc/covidhgi2020B2v5alleur.sumstats.gz	-0.024	0.0526	-0.4553	0.6489	0.0013	0.0004	1.0045	0.008	-0.0013	0.0049	1143105
data/formated/ldsc/Dashti2019slepdur.sumstats.gz	data/formated/ldsc/covidhgi2020C2v5alleur.sumstats.gz	0.0371	0.055	0.6738	0.5004	0.0013	0.0003	1.0218	0.0065	-0.0062	0.005	1165399
data/formated/ldsc/Dashti2019slepdur.sumstats.gz	data/formated/ldsc/covidhgi2020A2v5alleurLeaveUKBB.sumstats.gz	0.0018	0.0543	0.0323	0.9742	0.0019	0.0005	1.0082	0.0063	-0.0013	0.0049	1144781
data/formated/ldsc/Dashti2019slepdur.sumstats.gz	data/formated/ldsc/covidhgi2020B2v5alleurLeaveUKBB.sumstats.gz	0.0186	0.0568	0.3276	0.7432	0.0015	0.0005	1.0071	0.008	0.0001	0.0049	1137784
data/formated/ldsc/Dashti2019slepdur.sumstats.gz	data/formated/ldsc/covidhgi2020C2v5alleurLeaveUKBB.sumstats.gz	0.0825	0.065	1.2705	0.2039	0.0014	0.0003	1.0165	0.0064	-0.0042	0.0054	1159080
data/formated/ldsc/Klimentidis2018mvpa.sumstats.gz	data/formated/ldsc/covidhgi2020A2v5alleur.sumstats.gz	0.0567	0.0679	0.8348	0.4038	0.0014	0.0004	1.0105	0.0069	-0.0068	0.005	1147158
data/formated/ldsc/Klimentidis2018mvpa.sumstats.gz	data/formated/ldsc/covidhgi2020B2v5alleur.sumstats.gz	0.0417	0.0654	0.638	0.5235	0.0013	0.0004	1.0045	0.008	-0.006	0.0048	1143283
data/formated/ldsc/Klimentidis2018mvpa.sumstats.gz	data/formated/ldsc/covidhgi2020C2v5alleur.sumstats.gz	0.2083	0.0667	3.1221	0.0018	0.0013	0.0003	1.0218	0.0065	-0.0049	0.005	1165528
data/formated/ldsc/Klimentidis2018mvpa.sumstats.gz	data/formated/ldsc/covidhgi2020A2v5alleurLeaveUKBB.sumstats.gz	0.0958	0.0641	1.4935	0.1353	0.0019	0.0005	1.0081	0.0063	-0.0085	0.0047	1144927
data/formated/ldsc/Klimentidis2018mvpa.sumstats.gz	data/formated/ldsc/covidhgi2020B2v5alleurLeaveUKBB.sumstats.gz	0.071	0.0651	1.0903	0.2756	0.0015	0.0005	1.0071	0.008	-0.0061	0.005	1137962
data/formated/ldsc/Klimentidis2018mvpa.sumstats.gz	data/formated/ldsc/covidhgi2020C2v5alleurLeaveUKBB.sumstats.gz	0.1914	0.0739	2.5909	0.0096	0.0014	0.0003	1.0165	0.0064	-0.0084	0.0049	1159190
data/formated/ldsc/Day2018sociso.sumstats.gz	data/formated/ldsc/covidhgi2020A2v5alleur.sumstats.gz	0.0839	0.0697	1.203	0.229	0.0014	0.0004	1.0113	0.0069	0.0131	0.0048	1140802
data/formated/ldsc/Day2018sociso.sumstats.gz	data/formated/ldsc/covidhgi2020B2v5alleur.sumstats.gz	0.1621	0.0651	2.4922	0.0127	0.0013	0.0004	1.004	0.0078	0.0143	0.0045	1137428
data/formated/ldsc/Day2018sociso.sumstats.gz	data/formated/ldsc/covidhgi2020C2v5alleur.sumstats.gz	0.1171	0.0722	1.6225	0.1047	0.0013	0.0003	1.0228	0.0065	0.0045	0.0053	1159281
data/formated/ldsc/Day2018sociso.sumstats.gz	data/formated/ldsc/covidhgi2020A2v5alleurLeaveUKBB.sumstats.gz	0.0689	0.0665	1.0359	0.3002	0.0019	0.0005	1.0091	0.0065	0.0096	0.0046	1138763
data/formated/ldsc/Day2018sociso.sumstats.gz	data/formated/ldsc/covidhgi2020B2v5alleurLeaveUKBB.sumstats.gz	0.1522	0.0693	2.196	0.0281	0.0015	0.0004	1.0072	0.0079	0.0045	0.0048	1132639
data/formated/ldsc/Day2018sociso.sumstats.gz	data/formated/ldsc/covidhgi2020C2v5alleurLeaveUKBB.sumstats.gz	0.0318	0.0739	0.4303	0.667	0.0014	0.0003	1.0176	0.0064	-0.0018	0.0053	1153203
data/formated/ldsc/Evangelou2018dbp.sumstats.gz	data/formated/ldsc/covidhgi2020A2v5alleur.sumstats.gz	0.0055	0.0483	0.1147	0.9087	0.0014	0.0004	1.0124	0.0073	-0.0019	0.0072	1135941
data/formated/ldsc/Evangelou2018dbp.sumstats.gz	data/formated/ldsc/covidhgi2020B2v5alleur.sumstats.gz	-0.0064	0.0431	-0.1484	0.882	0.0013	0.0004	1.0048	0.0081	0.0068	0.0071	1133005
data/formated/ldsc/Evangelou2018dbp.sumstats.gz	data/formated/ldsc/covidhgi2020C2v5alleur.sumstats.gz	-0.0043	0.0461	-0.0926	0.9262	0.0013	0.0003	1.0227	0.0067	-0.0142	0.0067	1154688
data/formated/ldsc/Evangelou2018dbp.sumstats.gz	data/formated/ldsc/covidhgi2020A2v5alleurLeaveUKBB.sumstats.gz	0.0124	0.0457	0.2717	0.7858	0.0019	0.0005	1.0096	0.0068	-0.0029	0.007	1134198
data/formated/ldsc/Evangelou2018dbp.sumstats.gz	data/formated/ldsc/covidhgi2020B2v5alleurLeaveUKBB.sumstats.gz	0.0377	0.0419	0.8995	0.3684	0.0015	0.0005	1.0054	0.0082	-0.0039	0.0068	1128784
data/formated/ldsc/Evangelou2018dbp.sumstats.gz	data/formated/ldsc/covidhgi2020C2v5alleurLeaveUKBB.sumstats.gz	0.0079	0.0473	0.1663	0.8679	0.0014	0.0003	1.0168	0.0064	-0.0167	0.0064	1148902
data/formated/ldsc/Evangelou2018sbp.sumstats.gz	data/formated/ldsc/covidhgi2020A2v5alleur.sumstats.gz	0.009	0.0429	0.2099	0.8337	0.0014	0.0004	1.0119	0.0073	-0.0024	0.0068	1134434
data/formated/ldsc/Evangelou2018sbp.sumstats.gz	data/formated/ldsc/covidhgi2020B2v5alleur.sumstats.gz	-0.0066	0.042	-0.157	0.8752	0.0013	0.0004	1.0052	0.0082	0.0048	0.0069	1131566
data/formated/ldsc/Evangelou2018sbp.sumstats.gz	data/formated/ldsc/covidhgi2020C2v5alleur.sumstats.gz	-0.0371	0.0469	-0.7915	0.4286	0.0013	0.0003	1.0223	0.0068	-0.0067	0.0065	1153184
data/formated/ldsc/Evangelou2018sbp.sumstats.gz	data/formated/ldsc/covidhgi2020A2v5alleurLeaveUKBB.sumstats.gz	0.0273	0.0398	0.6846	0.4936	0.0019	0.0005	1.0093	0.0068	-0.0047	0.0065	1132756
data/formated/ldsc/Evangelou2018sbp.sumstats.gz	data/formated/ldsc/covidhgi2020B2v5alleurLeaveUKBB.sumstats.gz	0.063	0.0418	1.5072	0.1318	0.0015	0.0005	1.0058	0.0081	-0.0097	0.0065	1127458
data/formated/ldsc/Evangelou2018sbp.sumstats.gz	data/formated/ldsc/covidhgi2020C2v5alleurLeaveUKBB.sumstats.gz	-0.0209	0.05	-0.4173	0.6765	0.0014	0.0003	1.0169	0.0065	-0.0108	0.0063	1147450
data/formated/ldsc/Evangelou2018pp.sumstats.gz	data/formated/ldsc/covidhgi2020A2v5alleur.sumstats.gz	0.0082	0.0419	0.1964	0.8443	0.0014	0.0004	1.0122	0.0073	-0.0019	0.006	1134457
data/formated/ldsc/Evangelou2018pp.sumstats.gz	data/formated/ldsc/covidhgi2020B2v5alleur.sumstats.gz	-0.0171	0.0425	-0.4029	0.6871	0.0013	0.0004	1.0052	0.0082	0.0018	0.0063	1131587
data/formated/ldsc/Evangelou2018pp.sumstats.gz	data/formated/ldsc/covidhgi2020C2v5alleur.sumstats.gz	-0.0627	0.0456	-1.3746	0.1693	0.0013	0.0003	1.0224	0.0068	0.0024	0.006	1153207
data/formated/ldsc/Evangelou2018pp.sumstats.gz	data/formated/ldsc/covidhgi2020A2v5alleurLeaveUKBB.sumstats.gz	0.0335	0.0393	0.8525	0.3939	0.0019	0.0005	1.0096	0.0068	-0.005	0.006	1132778
data/formated/ldsc/Evangelou2018pp.sumstats.gz	data/formated/ldsc/covidhgi2020B2v5alleurLeaveUKBB.sumstats.gz	0.0556	0.0431	1.2915	0.1965	0.0015	0.0005	1.0057	0.0081	-0.0109	0.0061	1127481
data/formated/ldsc/Evangelou2018pp.sumstats.gz	data/formated/ldsc/covidhgi2020C2v5alleurLeaveUKBB.sumstats.gz	-0.0436	0.0494	-0.8825	0.3775	0.0014	0.0003	1.0169	0.0064	-0.0022	0.0061	1147471
data/formated/ldsc/Lee2018educ.sumstats.gz	data/formated/ldsc/covidhgi2020A2v5alleur.sumstats.gz	-0.2784	0.064	-4.3525	1.3460e-05	0.0014	0.0004	1.0103	0.0069	0.0014	0.0053	1138640
data/formated/ldsc/Lee2018educ.sumstats.gz	data/formated/ldsc/covidhgi2020B2v5alleur.sumstats.gz	-0.2506	0.0602	-4.1619	3.1562e-05	0.0013	0.0004	1.0047	0.008	-0.0131	0.0055	1135193
data/formated/ldsc/Lee2018educ.sumstats.gz	data/formated/ldsc/covidhgi2020C2v5alleur.sumstats.gz	-0.266	0.053	-5.0181	5.2190e-07	0.0013	0.0003	1.0218	0.0062	-0.0173	0.0057	1158015
data/formated/ldsc/Lee2018educ.sumstats.gz	data/formated/ldsc/covidhgi2020A2v5alleurLeaveUKBB.sumstats.gz	-0.2736	0.0583	-4.6939	2.6811e-06	0.0019	0.0005	1.0081	0.0066	0.0059	0.0054	1136424
data/formated/ldsc/Lee2018educ.sumstats.gz	data/formated/ldsc/covidhgi2020B2v5alleurLeaveUKBB.sumstats.gz	-0.2201	0.0565	-3.8933	9.8890e-05	0.0015	0.0005	1.0071	0.008	0.0071	0.0057	1130123
data/formated/ldsc/Lee2018educ.sumstats.gz	data/formated/ldsc/covidhgi2020C2v5alleurLeaveUKBB.sumstats.gz	-0.1204	0.0483	-2.4915	0.0127	0.0014	0.0003	1.0166	0.0062	0.0019	0.0059	1152047
data/formated/ldsc/Howard2018dep.sumstats.gz	data/formated/ldsc/covidhgi2020A2v5alleur.sumstats.gz	0.0427	0.0609	0.7004	0.4837	0.0014	0.0004	1.0118	0.007	0.0122	0.0047	1133070
data/formated/ldsc/Howard2018dep.sumstats.gz	data/formated/ldsc/covidhgi2020B2v5alleur.sumstats.gz	0.1182	0.0614	1.9245	0.0543	0.0013	0.0004	1.0044	0.0081	0.0112	0.0051	1129993
data/formated/ldsc/Howard2018dep.sumstats.gz	data/formated/ldsc/covidhgi2020C2v5alleur.sumstats.gz	-0.0438	0.0638	-0.6865	0.4924	0.0013	0.0003	1.0231	0.0066	0.0109	0.005	1151727
data/formated/ldsc/Howard2018dep.sumstats.gz	data/formated/ldsc/covidhgi2020A2v5alleurLeaveUKBB.sumstats.gz	0.0291	0.0593	0.4897	0.6244	0.0019	0.0005	1.0099	0.0066	0.0103	0.0045	1131304
data/formated/ldsc/Howard2018dep.sumstats.gz	data/formated/ldsc/covidhgi2020B2v5alleurLeaveUKBB.sumstats.gz	0.072	0.0619	1.1643	0.2443	0.0015	0.0005	1.0069	0.0081	0.0062	0.0047	1125667
data/formated/ldsc/Howard2018dep.sumstats.gz	data/formated/ldsc/covidhgi2020C2v5alleurLeaveUKBB.sumstats.gz	-0.1329	0.0728	-1.8248	0.068	0.0014	0.0003	1.0185	0.0064	0.0052	0.0047	1145887
data/formated/ldsc/Jansen2018insom.sumstats.gz	data/formated/ldsc/covidhgi2020A2v5alleur.sumstats.gz	0.0736	0.0736	0.9996	0.3175	0.0013	0.0004	1.0135	0.0077	0.0111	0.0051	1104469
data/formated/ldsc/Jansen2018insom.sumstats.gz	data/formated/ldsc/covidhgi2020B2v5alleur.sumstats.gz	0.1035	0.0711	1.4553	0.1456	0.0013	0.0004	1.0061	0.0084	0.0167	0.0058	1101415
data/formated/ldsc/Jansen2018insom.sumstats.gz	data/formated/ldsc/covidhgi2020C2v5alleur.sumstats.gz	0.1264	0.0647	1.953	0.0508	0.0013	0.0003	1.0224	0.0067	0.0104	0.0046	1122588
data/formated/ldsc/Jansen2018insom.sumstats.gz	data/formated/ldsc/covidhgi2020A2v5alleurLeaveUKBB.sumstats.gz	0.0425	0.0706	0.6015	0.5475	0.0018	0.0005	1.0118	0.0073	0.0097	0.0049	1102692
data/formated/ldsc/Jansen2018insom.sumstats.gz	data/formated/ldsc/covidhgi2020B2v5alleurLeaveUKBB.sumstats.gz	0.1059	0.0732	1.4453	0.1484	0.0014	0.0005	1.0084	0.008	0.0085	0.0055	1097315
data/formated/ldsc/Jansen2018insom.sumstats.gz	data/formated/ldsc/covidhgi2020C2v5alleurLeaveUKBB.sumstats.gz	0.0772	0.0725	1.0641	0.2873	0.0014	0.0003	1.0165	0.0063	0.0016	0.0045	1116884
data/formated/ldsc/Liu2019smkint.sumstats.gz	data/formated/ldsc/covidhgi2020A2v5alleur.sumstats.gz	0.0931	0.0533	1.7463	0.0808	0.0014	0.0004	1.0106	0.0073	0.0084	0.005	1125273
data/formated/ldsc/Liu2019smkint.sumstats.gz	data/formated/ldsc/covidhgi2020B2v5alleur.sumstats.gz	0.1841	0.0632	2.914	0.0036	0.0013	0.0004	1.0052	0.0088	0.0155	0.0053	1121903
data/formated/ldsc/Liu2019smkint.sumstats.gz	data/formated/ldsc/covidhgi2020C2v5alleur.sumstats.gz	0.1843	0.0539	3.4198	0.0006	0.0013	0.0003	1.0228	0.0062	0.0158	0.0051	1144693
data/formated/ldsc/Liu2019smkint.sumstats.gz	data/formated/ldsc/covidhgi2020A2v5alleurLeaveUKBB.sumstats.gz	0.0669	0.0521	1.2851	0.1988	0.0019	0.0005	1.0084	0.0068	0.007	0.0052	1123054
data/formated/ldsc/Liu2019smkint.sumstats.gz	data/formated/ldsc/covidhgi2020B2v5alleurLeaveUKBB.sumstats.gz	0.1119	0.059	1.8965	0.0579	0.0014	0.0005	1.0093	0.0085	0.0098	0.0052	1116820
data/formated/ldsc/Liu2019smkint.sumstats.gz	data/formated/ldsc/covidhgi2020C2v5alleurLeaveUKBB.sumstats.gz	0.0524	0.0509	1.0306	0.3027	0.0014	0.0003	1.0177	0.0063	0.006	0.0051	1139069
data/formated/ldsc/Liu2019smkcpd.sumstats.gz	data/formated/ldsc/covidhgi2020A2v5alleur.sumstats.gz	0.1128	0.0573	1.9688	0.049	0.0014	0.0004	1.0103	0.0069	0.0013	0.0046	1139201
data/formated/ldsc/Liu2019smkcpd.sumstats.gz	data/formated/ldsc/covidhgi2020B2v5alleur.sumstats.gz	0.1614	0.057	2.831	0.0046	0.0013	0.0004	1.0046	0.008	0.0082	0.0048	1135732
data/formated/ldsc/Liu2019smkcpd.sumstats.gz	data/formated/ldsc/covidhgi2020C2v5alleur.sumstats.gz	0.0666	0.0647	1.0295	0.3033	0.0013	0.0003	1.0219	0.0064	0.0015	0.0044	1158777
data/formated/ldsc/Liu2019smkcpd.sumstats.gz	data/formated/ldsc/covidhgi2020A2v5alleurLeaveUKBB.sumstats.gz	0.1033	0.059	1.7523	0.0797	0.0019	0.0005	1.0082	0.0063	-0.001	0.0046	1136962
data/formated/ldsc/Liu2019smkcpd.sumstats.gz	data/formated/ldsc/covidhgi2020B2v5alleurLeaveUKBB.sumstats.gz	0.1564	0.0592	2.643	0.0082	0.0015	0.0004	1.0073	0.008	0.0003	0.0047	1130589
data/formated/ldsc/Liu2019smkcpd.sumstats.gz	data/formated/ldsc/covidhgi2020C2v5alleurLeaveUKBB.sumstats.gz	-0.0169	0.0694	-0.2429	0.8081	0.0014	0.0003	1.0166	0.0063	-0.0033	0.0042	1153060
data/formated/ldsc/Liu2019drnkwk.sumstats.gz	data/formated/ldsc/covidhgi2020A2v5alleur.sumstats.gz	0.0201	0.0608	0.3314	0.7403	0.0014	0.0004	1.0102	0.0069	-0.0007	0.0044	1139057
data/formated/ldsc/Liu2019drnkwk.sumstats.gz	data/formated/ldsc/covidhgi2020B2v5alleur.sumstats.gz	0.1338	0.0579	2.3125	0.0208	0.0013	0.0004	1.0047	0.008	-0.007	0.0046	1135597
data/formated/ldsc/Liu2019drnkwk.sumstats.gz	data/formated/ldsc/covidhgi2020C2v5alleur.sumstats.gz	0.1815	0.0583	3.1112	0.0019	0.0013	0.0003	1.0219	0.0064	-0.0018	0.0048	1158639
data/formated/ldsc/Liu2019drnkwk.sumstats.gz	data/formated/ldsc/covidhgi2020A2v5alleurLeaveUKBB.sumstats.gz	-0.0336	0.0608	-0.5529	0.5803	0.0019	0.0005	1.0082	0.0063	0.0025	0.0045	1136818
data/formated/ldsc/Liu2019drnkwk.sumstats.gz	data/formated/ldsc/covidhgi2020B2v5alleurLeaveUKBB.sumstats.gz	0.0555	0.0589	0.9419	0.3463	0.0015	0.0004	1.0072	0.008	-0.0026	0.0047	1130460
data/formated/ldsc/Liu2019drnkwk.sumstats.gz	data/formated/ldsc/covidhgi2020C2v5alleurLeaveUKBB.sumstats.gz	0.0976	0.0628	1.5544	0.1201	0.0014	0.0003	1.0165	0.0063	-0.0011	0.005	1152932
data/formated/ldsc/Kunkle2019load.sumstats.gz	data/formated/ldsc/covidhgi2020A2v5alleur.sumstats.gz	0.1532	0.1427	1.0737	0.283	0.0014	0.0004	1.0109	0.0069	-0.0024	0.0041	1147010
data/formated/ldsc/Kunkle2019load.sumstats.gz	data/formated/ldsc/covidhgi2020B2v5alleur.sumstats.gz	0.1704	0.1482	1.1492	0.2505	0.0013	0.0004	1.0045	0.008	0.0023	0.0046	1143170
data/formated/ldsc/Kunkle2019load.sumstats.gz	data/formated/ldsc/covidhgi2020C2v5alleur.sumstats.gz	0.1835	0.1457	1.2594	0.2079	0.0013	0.0003	1.0218	0.0065	0.007	0.0043	1165193
data/formated/ldsc/Kunkle2019load.sumstats.gz	data/formated/ldsc/covidhgi2020A2v5alleurLeaveUKBB.sumstats.gz	0.1514	0.1367	1.1081	0.2678	0.0019	0.0005	1.0088	0.0063	-0.0029	0.004	1144915
data/formated/ldsc/Kunkle2019load.sumstats.gz	data/formated/ldsc/covidhgi2020B2v5alleurLeaveUKBB.sumstats.gz	0.1575	0.1499	1.0507	0.2934	0.0015	0.0005	1.0072	0.008	-0.0015	0.0043	1137933
data/formated/ldsc/Kunkle2019load.sumstats.gz	data/formated/ldsc/covidhgi2020C2v5alleurLeaveUKBB.sumstats.gz	0.0453	0.1543	0.2936	0.7691	0.0014	0.0003	1.0167	0.0064	0.0047	0.0042	1158901
data/formated/ldsc/Revez2020vit250hd.sumstats.gz	data/formated/ldsc/covidhgi2020A2v5alleur.sumstats.gz	-0.0226	0.0549	-0.4118	0.6805	0.0013	0.0004	1.0147	0.0076	0.0008	0.0051	1097426
data/formated/ldsc/Revez2020vit250hd.sumstats.gz	data/formated/ldsc/covidhgi2020B2v5alleur.sumstats.gz	-0.0315	0.0479	-0.6561	0.5118	0.0013	0.0004	1.0055	0.0084	-0.0003	0.0055	1095089
data/formated/ldsc/Revez2020vit250hd.sumstats.gz	data/formated/ldsc/covidhgi2020C2v5alleur.sumstats.gz	0.1332	0.0585	2.2761	0.0228	0.0013	0.0003	1.0236	0.0067	0.0019	0.0053	1117002
data/formated/ldsc/Revez2020vit250hd.sumstats.gz	data/formated/ldsc/covidhgi2020A2v5alleurLeaveUKBB.sumstats.gz	-0.0339	0.0562	-0.6035	0.5462	0.0018	0.0005	1.0126	0.0074	-0.0006	0.0051	1095788
data/formated/ldsc/Revez2020vit250hd.sumstats.gz	data/formated/ldsc/covidhgi2020B2v5alleurLeaveUKBB.sumstats.gz	0.0148	0.0499	0.2962	0.7671	0.0014	0.0005	1.0086	0.0083	-0.0047	0.0058	1091561
data/formated/ldsc/Revez2020vit250hd.sumstats.gz	data/formated/ldsc/covidhgi2020C2v5alleurLeaveUKBB.sumstats.gz	0.1098	0.065	1.6892	0.0912	0.0014	0.0003	1.0178	0.0065	-0.0002	0.0056	1111892
data/formated/ldsc/Okada2014rartis.sumstats.gz	data/formated/ldsc/covidhgi2020A2v5alleur.sumstats.gz	0.2237	0.0909	2.4603	0.0139	0.0014	0.0004	1.0112	0.0073	-0.0057	0.0048	1139315
data/formated/ldsc/Okada2014rartis.sumstats.gz	data/formated/ldsc/covidhgi2020B2v5alleur.sumstats.gz	0.1652	0.0738	2.2389	0.0252	0.0013	0.0004	1.0047	0.0083	-0.0004	0.0042	1136253
data/formated/ldsc/Okada2014rartis.sumstats.gz	data/formated/ldsc/covidhgi2020C2v5alleur.sumstats.gz	0.1357	0.0794	1.71	0.0873	0.0013	0.0003	1.0222	0.0067	0.0017	0.0044	1157944
data/formated/ldsc/Okada2014rartis.sumstats.gz	data/formated/ldsc/covidhgi2020A2v5alleurLeaveUKBB.sumstats.gz	0.1804	0.0876	2.0598	0.0394	0.0019	0.0005	1.0086	0.0067	-0.004	0.0046	1137609
data/formated/ldsc/Okada2014rartis.sumstats.gz	data/formated/ldsc/covidhgi2020B2v5alleurLeaveUKBB.sumstats.gz	0.1173	0.0771	1.5212	0.1282	0.0015	0.0005	1.0054	0.0082	-0.0002	0.0039	1131756
data/formated/ldsc/Okada2014rartis.sumstats.gz	data/formated/ldsc/covidhgi2020C2v5alleurLeaveUKBB.sumstats.gz	0.0392	0.0891	0.44	0.66	0.0014	0.0003	1.0166	0.0064	-0.0006	0.0045	1152067
data/formated/ldsc/Nalls2019pd.sumstats.gz	data/formated/ldsc/covidhgi2020A2v5alleur.sumstats.gz	0.0286	0.1255	0.2282	0.8195	0.0014	0.0004	1.0119	0.0078	-0.0006	0.0056	986078
data/formated/ldsc/Nalls2019pd.sumstats.gz	data/formated/ldsc/covidhgi2020B2v5alleur.sumstats.gz	0.0185	0.1272	0.1453	0.8845	0.0014	0.0005	1.0031	0.0096	0.003	0.0059	983851
data/formated/ldsc/Nalls2019pd.sumstats.gz	data/formated/ldsc/covidhgi2020C2v5alleur.sumstats.gz	0.026	0.1165	0.2232	0.8234	0.0015	0.0003	1.0211	0.0069	-0.0011	0.0058	1003134
data/formated/ldsc/Nalls2019pd.sumstats.gz	data/formated/ldsc/covidhgi2020A2v5alleurLeaveUKBB.sumstats.gz	0.0148	0.1115	0.1329	0.8943	0.0019	0.0005	1.0105	0.0073	-0.0015	0.0053	984647
data/formated/ldsc/Nalls2019pd.sumstats.gz	data/formated/ldsc/covidhgi2020B2v5alleurLeaveUKBB.sumstats.gz	0.0043	0.115	0.0376	0.97	0.0016	0.0005	1.0058	0.0092	0.0031	0.0055	980632
data/formated/ldsc/Nalls2019pd.sumstats.gz	data/formated/ldsc/covidhgi2020C2v5alleurLeaveUKBB.sumstats.gz	0.0114	0.1218	0.0932	0.9257	0.0016	0.0004	1.0148	0.0066	0.0016	0.0057	998278
data/formated/ldsc/Nicolas2018als.sumstats.gz	data/formated/ldsc/covidhgi2020A2v5alleur.sumstats.gz	-0.2737	0.1697	-1.6127	0.1068	0.0014	0.0004	1.0107	0.0069	0.0006	0.0041	1145001
data/formated/ldsc/Nicolas2018als.sumstats.gz	data/formated/ldsc/covidhgi2020B2v5alleur.sumstats.gz	-0.24	0.1772	-1.3548	0.1755	0.0013	0.0004	1.0043	0.008	-0.0029	0.0045	1141509
data/formated/ldsc/Nicolas2018als.sumstats.gz	data/formated/ldsc/covidhgi2020C2v5alleur.sumstats.gz	-0.1759	0.1635	-1.076	0.2819	0.0013	0.0003	1.0222	0.0065	-0.0051	0.0042	1163472
data/formated/ldsc/Nicolas2018als.sumstats.gz	data/formated/ldsc/covidhgi2020A2v5alleurLeaveUKBB.sumstats.gz	-0.3404	0.1662	-2.0485	0.0405	0.0019	0.0005	1.0085	0.0063	0.0012	0.0041	1143008
data/formated/ldsc/Nicolas2018als.sumstats.gz	data/formated/ldsc/covidhgi2020B2v5alleurLeaveUKBB.sumstats.gz	-0.3773	0.1887	-1.9996	0.0455	0.0015	0.0005	1.007	0.008	-0.0003	0.0043	1136575
data/formated/ldsc/Nicolas2018als.sumstats.gz	data/formated/ldsc/covidhgi2020C2v5alleurLeaveUKBB.sumstats.gz	-0.1479	0.1671	-0.8853	0.376	0.0014	0.0003	1.0167	0.0064	-0.006	0.0042	1157320
data/formated/ldsc/Ligthart2018crp.sumstats.gz	data/formated/ldsc/covidhgi2020A2v5alleur.sumstats.gz	0.1886	0.0779	2.4215	0.0155	0.0014	0.0004	1.0112	0.0072	0.0039	0.0049	1140445
data/formated/ldsc/Ligthart2018crp.sumstats.gz	data/formated/ldsc/covidhgi2020B2v5alleur.sumstats.gz	0.2086	0.0814	2.5629	0.0104	0.0013	0.0004	1.0045	0.0082	0.0095	0.0054	1137112
data/formated/ldsc/Ligthart2018crp.sumstats.gz	data/formated/ldsc/covidhgi2020C2v5alleur.sumstats.gz	0.1808	0.0779	2.3224	0.0202	0.0013	0.0003	1.0218	0.0067	0.0077	0.0053	1158881
data/formated/ldsc/Ligthart2018crp.sumstats.gz	data/formated/ldsc/covidhgi2020A2v5alleurLeaveUKBB.sumstats.gz	0.1899	0.0746	2.546	0.0109	0.0019	0.0005	1.0086	0.0068	0.0012	0.005	1138691
data/formated/ldsc/Ligthart2018crp.sumstats.gz	data/formated/ldsc/covidhgi2020B2v5alleurLeaveUKBB.sumstats.gz	0.1975	0.0849	2.3247	0.0201	0.0015	0.0005	1.0048	0.0082	0.007	0.0054	1132501
data/formated/ldsc/Ligthart2018crp.sumstats.gz	data/formated/ldsc/covidhgi2020C2v5alleurLeaveUKBB.sumstats.gz	0.1052	0.0831	1.2655	0.2057	0.0014	0.0003	1.016	0.0064	0.0063	0.0053	1152893
data/formated/ldsc/Wood2014height.sumstats.gz	data/formated/ldsc/covidhgi2020A2v5alleur.sumstats.gz	0.0531	0.0472	1.1229	0.2615	0.0013	0.0004	1.0114	0.0071	0.0007	0.0064	1023810
data/formated/ldsc/Wood2014height.sumstats.gz	data/formated/ldsc/covidhgi2020B2v5alleur.sumstats.gz	0.0246	0.0458	0.5379	0.5907	0.0012	0.0004	1.0046	0.0077	-0.0191	0.0063	1021535
data/formated/ldsc/Wood2014height.sumstats.gz	data/formated/ldsc/covidhgi2020C2v5alleur.sumstats.gz	0.1217	0.0469	2.5942	0.0095	0.0013	0.0003	1.0192	0.0062	-0.014	0.0067	1040335
data/formated/ldsc/Wood2014height.sumstats.gz	data/formated/ldsc/covidhgi2020A2v5alleurLeaveUKBB.sumstats.gz	0.0444	0.0469	0.9466	0.3438	0.0017	0.0005	1.0096	0.0069	0.0016	0.0066	1022575
data/formated/ldsc/Wood2014height.sumstats.gz	data/formated/ldsc/covidhgi2020B2v5alleurLeaveUKBB.sumstats.gz	0.0259	0.0439	0.5906	0.5548	0.0015	0.0004	1.0037	0.0075	-0.02	0.0065	1018197
data/formated/ldsc/Wood2014height.sumstats.gz	data/formated/ldsc/covidhgi2020C2v5alleurLeaveUKBB.sumstats.gz	0.166	0.0503	3.3033	0.001	0.0014	0.0004	1.0149	0.0062	-0.016	0.0065	1035507
data/formated/ldsc/Betham2015lupus.sumstats.gz	data/formated/ldsc/covidhgi2020A2v5alleur.sumstats.gz	0.3704	0.113	3.2779	0.001	0.0014	0.0004	1.0116	0.0072	-0.0161	0.0045	1137009
data/formated/ldsc/Betham2015lupus.sumstats.gz	data/formated/ldsc/covidhgi2020B2v5alleur.sumstats.gz	0.1554	0.1067	1.4565	0.1453	0.0013	0.0004	1.0048	0.0081	-0.0022	0.0048	1133931
data/formated/ldsc/Betham2015lupus.sumstats.gz	data/formated/ldsc/covidhgi2020C2v5alleur.sumstats.gz	0.072	0.1335	0.5389	0.5899	0.0013	0.0003	1.0231	0.0066	0.0015	0.0052	1155629
data/formated/ldsc/Betham2015lupus.sumstats.gz	data/formated/ldsc/covidhgi2020A2v5alleurLeaveUKBB.sumstats.gz	0.3703	0.1077	3.4371	0.0006	0.0019	0.0005	1.0098	0.0066	-0.0176	0.0045	1135304
data/formated/ldsc/Betham2015lupus.sumstats.gz	data/formated/ldsc/covidhgi2020B2v5alleurLeaveUKBB.sumstats.gz	0.2164	0.1179	1.836	0.0664	0.0015	0.0005	1.0063	0.0081	-0.0077	0.0053	1129524
data/formated/ldsc/Betham2015lupus.sumstats.gz	data/formated/ldsc/covidhgi2020C2v5alleurLeaveUKBB.sumstats.gz	0.006	0.1382	0.0436	0.9653	0.0014	0.0003	1.0178	0.0065	-0.0009	0.005	1149729
data/formated/ldsc/Patsopoulos2019multscler.sumstats.gz	data/formated/ldsc/covidhgi2020A2v5alleur.sumstats.gz	-8.3981e-07	0.0888	-9.4553e-06	1.0	0.0014	0.0004	1.011	0.007	-0.0012	0.0044	1142565
data/formated/ldsc/Patsopoulos2019multscler.sumstats.gz	data/formated/ldsc/covidhgi2020B2v5alleur.sumstats.gz	0.0858	0.0855	1.004	0.3154	0.0013	0.0004	1.0046	0.008	1.3372e-05	0.0048	1139280
data/formated/ldsc/Patsopoulos2019multscler.sumstats.gz	data/formated/ldsc/covidhgi2020C2v5alleur.sumstats.gz	0.0283	0.0783	0.3618	0.7175	0.0013	0.0003	1.0219	0.0065	0.0044	0.0046	1161132
data/formated/ldsc/Patsopoulos2019multscler.sumstats.gz	data/formated/ldsc/covidhgi2020A2v5alleurLeaveUKBB.sumstats.gz	-0.0106	0.0837	-0.1262	0.8996	0.0019	0.0005	1.0089	0.0065	0.0003	0.0044	1140663
data/formated/ldsc/Patsopoulos2019multscler.sumstats.gz	data/formated/ldsc/covidhgi2020B2v5alleurLeaveUKBB.sumstats.gz	0.0413	0.0846	0.4883	0.6253	0.0015	0.0005	1.0066	0.0081	0.0028	0.0049	1134430
data/formated/ldsc/Patsopoulos2019multscler.sumstats.gz	data/formated/ldsc/covidhgi2020C2v5alleurLeaveUKBB.sumstats.gz	0.0155	0.088	0.1767	0.8598	0.0014	0.0003	1.0168	0.0064	0.0052	0.0046	1155077
data/formated/ldsc/Malik2018as.sumstats.gz	data/formated/ldsc/covidhgi2020A2v5alleur.sumstats.gz	0.4684	0.1379	3.397	0.0007	0.0014	0.0004	1.0107	0.0069	-0.0094	0.0041	1144285
data/formated/ldsc/Malik2018as.sumstats.gz	data/formated/ldsc/covidhgi2020B2v5alleur.sumstats.gz	0.4749	0.1306	3.6371	0.0003	0.0013	0.0004	1.0043	0.008	-0.0004	0.0044	1140843
data/formated/ldsc/Malik2018as.sumstats.gz	data/formated/ldsc/covidhgi2020C2v5alleur.sumstats.gz	0.0377	0.1077	0.35	0.7264	0.0013	0.0003	1.0219	0.0064	0.0127	0.0048	1162764
data/formated/ldsc/Malik2018as.sumstats.gz	data/formated/ldsc/covidhgi2020A2v5alleurLeaveUKBB.sumstats.gz	0.4177	0.1234	3.3849	0.0007	0.0019	0.0005	1.0085	0.0063	-0.0086	0.0042	1142302
data/formated/ldsc/Malik2018as.sumstats.gz	data/formated/ldsc/covidhgi2020B2v5alleurLeaveUKBB.sumstats.gz	0.3348	0.1152	2.9061	0.0037	0.0015	0.0005	1.0067	0.008	0.0013	0.0045	1135942
data/formated/ldsc/Malik2018as.sumstats.gz	data/formated/ldsc/covidhgi2020C2v5alleurLeaveUKBB.sumstats.gz	-0.0935	0.1183	-0.7905	0.4292	0.0014	0.0003	1.0169	0.0065	0.0118	0.0046	1156635
data/formated/ldsc/Wuttke2019egfr.sumstats.gz	data/formated/ldsc/covidhgi2020A2v5alleur.sumstats.gz	-0.0682	0.0516	-1.3208	0.1866	0.0014	0.0004	1.0108	0.007	0.0033	0.0052	1136067
data/formated/ldsc/Wuttke2019egfr.sumstats.gz	data/formated/ldsc/covidhgi2020B2v5alleur.sumstats.gz	-0.0847	0.044	-1.9231	0.0545	0.0013	0.0004	1.0047	0.0081	0.0013	0.0057	1133092
data/formated/ldsc/Wuttke2019egfr.sumstats.gz	data/formated/ldsc/covidhgi2020C2v5alleur.sumstats.gz	-0.0442	0.0517	-0.855	0.3926	0.0013	0.0003	1.0212	0.0064	0.0011	0.0057	1155990
data/formated/ldsc/Wuttke2019egfr.sumstats.gz	data/formated/ldsc/covidhgi2020A2v5alleurLeaveUKBB.sumstats.gz	-0.0652	0.0533	-1.2231	0.2213	0.0019	0.0005	1.0089	0.0066	0.0003	0.0054	1134028
data/formated/ldsc/Wuttke2019egfr.sumstats.gz	data/formated/ldsc/covidhgi2020B2v5alleurLeaveUKBB.sumstats.gz	-0.1181	0.0557	-2.1206	0.034	0.0015	0.0005	1.006	0.0079	0.0037	0.0056	1128253
data/formated/ldsc/Wuttke2019egfr.sumstats.gz	data/formated/ldsc/covidhgi2020C2v5alleurLeaveUKBB.sumstats.gz	-0.0847	0.0593	-1.4286	0.1531	0.0014	0.0003	1.0159	0.0062	0.0055	0.0055	1150728
data/formated/ldsc/Wuttke2019ckd.sumstats.gz	data/formated/ldsc/covidhgi2020A2v5alleur.sumstats.gz	0.1835	0.1074	1.7081	0.0876	0.0014	0.0004	1.0117	0.007	-0.0051	0.0041	1143312
data/formated/ldsc/Wuttke2019ckd.sumstats.gz	data/formated/ldsc/covidhgi2020B2v5alleur.sumstats.gz	0.0877	0.095	0.9228	0.3561	0.0013	0.0004	1.0046	0.0081	0.0128	0.0047	1140093
data/formated/ldsc/Wuttke2019ckd.sumstats.gz	data/formated/ldsc/covidhgi2020C2v5alleur.sumstats.gz	0.0911	0.1098	0.8297	0.4067	0.0013	0.0003	1.0212	0.0065	0.0085	0.0047	1162772
data/formated/ldsc/Wuttke2019ckd.sumstats.gz	data/formated/ldsc/covidhgi2020A2v5alleurLeaveUKBB.sumstats.gz	0.1317	0.1002	1.315	0.1885	0.0019	0.0005	1.0096	0.0066	-0.0029	0.004	1141250
data/formated/ldsc/Wuttke2019ckd.sumstats.gz	data/formated/ldsc/covidhgi2020B2v5alleurLeaveUKBB.sumstats.gz	0.101	0.0991	1.0184	0.3085	0.0015	0.0005	1.0063	0.008	0.0116	0.0044	1135106
data/formated/ldsc/Wuttke2019ckd.sumstats.gz	data/formated/ldsc/covidhgi2020C2v5alleurLeaveUKBB.sumstats.gz	0.1195	0.1206	0.9909	0.3217	0.0014	0.0003	1.016	0.0063	0.0064	0.0045	1156662
data/formated/ldsc/Nikpay2015cad.sumstats.gz	data/formated/ldsc/covidhgi2020A2v5alleur.sumstats.gz	0.2328	0.0865	2.692	0.0071	0.0014	0.0004	1.011	0.0069	-0.006	0.0046	1145826
data/formated/ldsc/Nikpay2015cad.sumstats.gz	data/formated/ldsc/covidhgi2020B2v5alleur.sumstats.gz	0.208	0.0824	2.5254	0.0116	0.0013	0.0004	1.0047	0.008	-0.0016	0.0043	1142274
data/formated/ldsc/Nikpay2015cad.sumstats.gz	data/formated/ldsc/covidhgi2020C2v5alleur.sumstats.gz	0.1219	0.0697	1.7479	0.0805	0.0013	0.0003	1.0214	0.0065	0.0056	0.004	1164194
data/formated/ldsc/Nikpay2015cad.sumstats.gz	data/formated/ldsc/covidhgi2020A2v5alleurLeaveUKBB.sumstats.gz	0.2243	0.0817	2.745	0.0061	0.0019	0.0005	1.0089	0.0064	-0.0068	0.0046	1143848
data/formated/ldsc/Nikpay2015cad.sumstats.gz	data/formated/ldsc/covidhgi2020B2v5alleurLeaveUKBB.sumstats.gz	0.1887	0.0756	2.4958	0.0126	0.0015	0.0005	1.0069	0.0081	-0.0039	0.0045	1137203
data/formated/ldsc/Nikpay2015cad.sumstats.gz	data/formated/ldsc/covidhgi2020C2v5alleurLeaveUKBB.sumstats.gz	0.0432	0.0731	0.5904	0.5549	0.0014	0.0003	1.0155	0.0064	0.0051	0.0038	1157989
data/formated/ldsc/Shah2020heartfailure.sumstats.gz	data/formated/ldsc/covidhgi2020A2v5alleur.sumstats.gz	0.198	0.1017	1.9472	0.0515	0.0014	0.0004	1.0112	0.0071	0.005	0.0044	1116061
data/formated/ldsc/Shah2020heartfailure.sumstats.gz	data/formated/ldsc/covidhgi2020B2v5alleur.sumstats.gz	0.2771	0.11	2.5181	0.0118	0.0013	0.0004	1.0029	0.0079	0.0115	0.0048	1113662
data/formated/ldsc/Shah2020heartfailure.sumstats.gz	data/formated/ldsc/covidhgi2020C2v5alleur.sumstats.gz	0.2033	0.1004	2.0244	0.0429	0.0013	0.0003	1.022	0.0066	0.0113	0.0048	1136213
data/formated/ldsc/Shah2020heartfailure.sumstats.gz	data/formated/ldsc/covidhgi2020A2v5alleurLeaveUKBB.sumstats.gz	0.2128	0.0963	2.2109	0.027	0.002	0.0005	1.0087	0.0068	0.0019	0.0045	1114090
data/formated/ldsc/Shah2020heartfailure.sumstats.gz	data/formated/ldsc/covidhgi2020B2v5alleurLeaveUKBB.sumstats.gz	0.2898	0.1097	2.6427	0.0082	0.0015	0.0004	1.0052	0.0081	0.0055	0.0047	1109396
data/formated/ldsc/Shah2020heartfailure.sumstats.gz	data/formated/ldsc/covidhgi2020C2v5alleurLeaveUKBB.sumstats.gz	0.155	0.0996	1.556	0.1197	0.0014	0.0003	1.0165	0.0065	0.0054	0.0047	1131822
data/formated/ldsc/Olafsdottir2020asthma.sumstats.gz	data/formated/ldsc/covidhgi2020A2v5alleur.sumstats.gz	-0.0562	0.0613	-0.9169	0.3592	0.0014	0.0004	1.0105	0.0069	0.0024	0.0048	1146266
data/formated/ldsc/Olafsdottir2020asthma.sumstats.gz	data/formated/ldsc/covidhgi2020B2v5alleur.sumstats.gz	0.0584	0.0541	1.0799	0.2802	0.0013	0.0004	1.0043	0.008	0.0069	0.0046	1142491
data/formated/ldsc/Olafsdottir2020asthma.sumstats.gz	data/formated/ldsc/covidhgi2020C2v5alleur.sumstats.gz	-0.0202	0.0655	-0.3084	0.7577	0.0013	0.0003	1.0215	0.0064	0.0084	0.0049	1164610
data/formated/ldsc/Olafsdottir2020asthma.sumstats.gz	data/formated/ldsc/covidhgi2020A2v5alleurLeaveUKBB.sumstats.gz	-0.065	0.0648	-1.0024	0.3161	0.0019	0.0005	1.0082	0.0063	0.0022	0.0048	1144072
data/formated/ldsc/Olafsdottir2020asthma.sumstats.gz	data/formated/ldsc/covidhgi2020B2v5alleurLeaveUKBB.sumstats.gz	0.0196	0.06	0.3261	0.7443	0.0015	0.0005	1.0069	0.008	0.0016	0.005	1137249
data/formated/ldsc/Olafsdottir2020asthma.sumstats.gz	data/formated/ldsc/covidhgi2020C2v5alleurLeaveUKBB.sumstats.gz	-0.1201	0.0698	-1.7216	0.0851	0.0014	0.0003	1.0162	0.0064	0.0103	0.0047	1158337
data/formated/ldsc/Allen2020ipf.sumstats.gz	data/formated/ldsc/covidhgi2020A2v5alleur.sumstats.gz	0.3045	0.1585	1.9216	0.0547	0.0014	0.0004	1.0106	0.0068	0.0049	0.0055	1135292
data/formated/ldsc/Allen2020ipf.sumstats.gz	data/formated/ldsc/covidhgi2020B2v5alleur.sumstats.gz	0.4232	0.1657	2.5536	0.0107	0.0013	0.0004	1.0051	0.0081	0.0003	0.006	1133107
data/formated/ldsc/Allen2020ipf.sumstats.gz	data/formated/ldsc/covidhgi2020C2v5alleur.sumstats.gz	0.2824	0.1663	1.6987	0.0894	0.0013	0.0003	1.0212	0.0065	-0.0018	0.0054	1156003
data/formated/ldsc/Allen2020ipf.sumstats.gz	data/formated/ldsc/covidhgi2020A2v5alleurLeaveUKBB.sumstats.gz	0.268	0.1366	1.9616	0.0498	0.0019	0.0005	1.0082	0.0063	0.0048	0.0049	1133155
data/formated/ldsc/Allen2020ipf.sumstats.gz	data/formated/ldsc/covidhgi2020B2v5alleurLeaveUKBB.sumstats.gz	0.381	0.1461	2.6068	0.0091	0.0015	0.0004	1.0067	0.0078	0.0006	0.0055	1128308
data/formated/ldsc/Allen2020ipf.sumstats.gz	data/formated/ldsc/covidhgi2020C2v5alleurLeaveUKBB.sumstats.gz	0.2556	0.1736	1.4725	0.1409	0.0014	0.0003	1.0156	0.0063	-0.0022	0.0052	1151161
data/formated/ldsc/Linner2019risk.sumstats.gz	data/formated/ldsc/covidhgi2020A2v5alleur.sumstats.gz	0.0632	0.0615	1.0273	0.3043	0.0014	0.0004	1.0106	0.0069	0.0071	0.0048	1143614
data/formated/ldsc/Linner2019risk.sumstats.gz	data/formated/ldsc/covidhgi2020B2v5alleur.sumstats.gz	0.0891	0.055	1.6191	0.1054	0.0013	0.0004	1.0046	0.0081	0.0082	0.0046	1140046
data/formated/ldsc/Linner2019risk.sumstats.gz	data/formated/ldsc/covidhgi2020C2v5alleur.sumstats.gz	0.197	0.0622	3.165	0.0016	0.0013	0.0003	1.0217	0.0065	0.0016	0.005	1163024
data/formated/ldsc/Linner2019risk.sumstats.gz	data/formated/ldsc/covidhgi2020A2v5alleurLeaveUKBB.sumstats.gz	0.0404	0.0622	0.6496	0.5159	0.0019	0.0005	1.0083	0.0063	0.0072	0.0047	1141318
data/formated/ldsc/Linner2019risk.sumstats.gz	data/formated/ldsc/covidhgi2020B2v5alleurLeaveUKBB.sumstats.gz	0.059	0.0597	0.9871	0.3236	0.0015	0.0005	1.0069	0.008	0.0037	0.0046	1134797
data/formated/ldsc/Linner2019risk.sumstats.gz	data/formated/ldsc/covidhgi2020C2v5alleurLeaveUKBB.sumstats.gz	0.1087	0.0629	1.7299	0.0836	0.0014	0.0003	1.0164	0.0064	0.0015	0.0048	1157088
data/formated/ldsc/Demontis2018adhd.sumstats.gz	data/formated/ldsc/covidhgi2020A2v5alleur.sumstats.gz	0.2559	0.0864	2.9605	0.0031	0.0013	0.0004	1.0154	0.0086	-0.0016	0.0048	1075425
data/formated/ldsc/Demontis2018adhd.sumstats.gz	data/formated/ldsc/covidhgi2020B2v5alleur.sumstats.gz	0.245	0.0831	2.9464	0.0032	0.0013	0.0004	1.0056	0.0099	0.0086	0.0053	1073326
data/formated/ldsc/Demontis2018adhd.sumstats.gz	data/formated/ldsc/covidhgi2020C2v5alleur.sumstats.gz	0.2409	0.0828	2.9081	0.0036	0.0014	0.0003	1.0221	0.0071	0.0062	0.0051	1093486
data/formated/ldsc/Demontis2018adhd.sumstats.gz	data/formated/ldsc/covidhgi2020A2v5alleurLeaveUKBB.sumstats.gz	0.1794	0.0791	2.2677	0.0234	0.0017	0.0005	1.0138	0.0078	-1.3099e-05	0.0048	1074451
data/formated/ldsc/Demontis2018adhd.sumstats.gz	data/formated/ldsc/covidhgi2020B2v5alleurLeaveUKBB.sumstats.gz	0.1926	0.0814	2.3647	0.018	0.0015	0.0005	1.0074	0.0092	0.0041	0.005	1070859
data/formated/ldsc/Demontis2018adhd.sumstats.gz	data/formated/ldsc/covidhgi2020C2v5alleurLeaveUKBB.sumstats.gz	0.118	0.085	1.3883	0.165	0.0014	0.0003	1.0169	0.0069	0.0017	0.005	1088527
data/formated/ldsc/Grove2019asd.sumstats.gz	data/formated/ldsc/covidhgi2020A2v5alleur.sumstats.gz	-0.071	0.0883	-0.8039	0.4215	0.0014	0.0004	1.0135	0.0076	-0.0026	0.0049	1126571
data/formated/ldsc/Grove2019asd.sumstats.gz	data/formated/ldsc/covidhgi2020B2v5alleur.sumstats.gz	-0.036	0.095	-0.3794	0.7044	0.0012	0.0004	1.0071	0.0085	0.0069	0.0052	1123888
data/formated/ldsc/Grove2019asd.sumstats.gz	data/formated/ldsc/covidhgi2020C2v5alleur.sumstats.gz	-0.1323	0.0864	-1.5311	0.1257	0.0013	0.0003	1.0225	0.0068	0.0043	0.005	1145394
data/formated/ldsc/Grove2019asd.sumstats.gz	data/formated/ldsc/covidhgi2020A2v5alleurLeaveUKBB.sumstats.gz	-0.0904	0.085	-1.064	0.2873	0.0018	0.0005	1.0112	0.0074	-0.0031	0.0048	1125151
data/formated/ldsc/Grove2019asd.sumstats.gz	data/formated/ldsc/covidhgi2020B2v5alleurLeaveUKBB.sumstats.gz	-0.0758	0.0952	-0.796	0.426	0.0015	0.0005	1.0072	0.0084	0.0073	0.0052	1120193
data/formated/ldsc/Grove2019asd.sumstats.gz	data/formated/ldsc/covidhgi2020C2v5alleurLeaveUKBB.sumstats.gz	-0.15	0.0902	-1.6629	0.0963	0.0014	0.0003	1.0177	0.0067	0.0038	0.0048	1139881
data/formated/ldsc/Ripke2014scz.sumstats.gz	data/formated/ldsc/covidhgi2020A2v5alleur.sumstats.gz	-0.0214	0.0539	-0.3973	0.6912	0.0014	0.0004	1.0103	0.0068	0.0019	0.0052	1147517
data/formated/ldsc/Ripke2014scz.sumstats.gz	data/formated/ldsc/covidhgi2020B2v5alleur.sumstats.gz	0.0077	0.0521	0.1469	0.8832	0.0013	0.0004	1.0043	0.008	0.0105	0.0052	1143505
data/formated/ldsc/Ripke2014scz.sumstats.gz	data/formated/ldsc/covidhgi2020C2v5alleur.sumstats.gz	-0.0442	0.0566	-0.7796	0.4356	0.0013	0.0003	1.0218	0.0064	0.013	0.0058	1165519
data/formated/ldsc/Ripke2014scz.sumstats.gz	data/formated/ldsc/covidhgi2020A2v5alleurLeaveUKBB.sumstats.gz	-0.0258	0.0544	-0.4745	0.6351	0.0019	0.0005	1.0081	0.0063	0.0007	0.0053	1145366
data/formated/ldsc/Ripke2014scz.sumstats.gz	data/formated/ldsc/covidhgi2020B2v5alleurLeaveUKBB.sumstats.gz	0.0394	0.0554	0.7109	0.4771	0.0015	0.0005	1.007	0.008	0.0069	0.0052	1138154
data/formated/ldsc/Ripke2014scz.sumstats.gz	data/formated/ldsc/covidhgi2020C2v5alleurLeaveUKBB.sumstats.gz	-0.0095	0.0596	-0.1597	0.8731	0.0014	0.0003	1.0165	0.0064	0.0062	0.0057	1159179
data/formated/ldsc/Stahl2019bip.sumstats.gz	data/formated/ldsc/covidhgi2020A2v5alleur.sumstats.gz	-0.1178	0.0715	-1.6485	0.0993	0.0014	0.0004	1.0113	0.0074	0.0036	0.0048	597187
data/formated/ldsc/Stahl2019bip.sumstats.gz	data/formated/ldsc/covidhgi2020B2v5alleur.sumstats.gz	0.0192	0.0679	0.2825	0.7775	0.0012	0.0004	1.0065	0.0086	0.007	0.0056	595261
data/formated/ldsc/Stahl2019bip.sumstats.gz	data/formated/ldsc/covidhgi2020C2v5alleur.sumstats.gz	-0.1342	0.0744	-1.8044	0.0712	0.0013	0.0003	1.0217	0.0072	0.0173	0.0051	605710
data/formated/ldsc/Stahl2019bip.sumstats.gz	data/formated/ldsc/covidhgi2020A2v5alleurLeaveUKBB.sumstats.gz	-0.1542	0.0743	-2.0749	0.038	0.0017	0.0005	1.0126	0.0068	0.0031	0.0051	596199
data/formated/ldsc/Stahl2019bip.sumstats.gz	data/formated/ldsc/covidhgi2020B2v5alleurLeaveUKBB.sumstats.gz	0.0023	0.0714	0.0317	0.9747	0.0013	0.0004	1.0135	0.0082	0.0043	0.0057	592597
data/formated/ldsc/Stahl2019bip.sumstats.gz	data/formated/ldsc/covidhgi2020C2v5alleurLeaveUKBB.sumstats.gz	-0.1135	0.0827	-1.3726	0.1699	0.0013	0.0004	1.0187	0.0071	0.0172	0.005	602387
data/formated/ldsc/Astel2016rbc.sumstats.gz	data/formated/ldsc/covidhgi2020A2v5alleur.sumstats.gz	-0.044	0.0587	-0.7501	0.4532	0.0014	0.0004	1.0103	0.0069	-0.0024	0.0047	1145448
data/formated/ldsc/Astel2016rbc.sumstats.gz	data/formated/ldsc/covidhgi2020B2v5alleur.sumstats.gz	-0.0703	0.052	-1.351	0.1767	0.0013	0.0004	1.0044	0.008	0.0017	0.0052	1141678
data/formated/ldsc/Astel2016rbc.sumstats.gz	data/formated/ldsc/covidhgi2020C2v5alleur.sumstats.gz	-0.0362	0.0606	-0.5974	0.5502	0.0013	0.0003	1.0217	0.0065	-0.0053	0.0051	1164408
data/formated/ldsc/Astel2016rbc.sumstats.gz	data/formated/ldsc/covidhgi2020A2v5alleurLeaveUKBB.sumstats.gz	0.0235	0.0552	0.4265	0.6698	0.0019	0.0005	1.0082	0.0065	-0.0044	0.0047	1143148
data/formated/ldsc/Astel2016rbc.sumstats.gz	data/formated/ldsc/covidhgi2020B2v5alleurLeaveUKBB.sumstats.gz	-0.0309	0.0569	-0.5439	0.5865	0.0015	0.0005	1.0072	0.008	0.0002	0.0054	1136412
data/formated/ldsc/Astel2016rbc.sumstats.gz	data/formated/ldsc/covidhgi2020C2v5alleurLeaveUKBB.sumstats.gz	-0.0331	0.0661	-0.4997	0.6173	0.0014	0.0003	1.0165	0.0064	-0.0037	0.005	1158118
data/formated/ldsc/Astel2016wbc.sumstats.gz	data/formated/ldsc/covidhgi2020A2v5alleur.sumstats.gz	0.0101	0.0657	0.154	0.8776	0.0014	0.0004	1.0103	0.0069	-0.0035	0.0056	1145448
data/formated/ldsc/Astel2016wbc.sumstats.gz	data/formated/ldsc/covidhgi2020B2v5alleur.sumstats.gz	0.0259	0.0551	0.4702	0.6382	0.0013	0.0004	1.0044	0.008	-0.0029	0.0054	1141678
data/formated/ldsc/Astel2016wbc.sumstats.gz	data/formated/ldsc/covidhgi2020C2v5alleur.sumstats.gz	-0.0205	0.0621	-0.3296	0.7417	0.0013	0.0003	1.0217	0.0065	-0.0023	0.0052	1164408
data/formated/ldsc/Astel2016wbc.sumstats.gz	data/formated/ldsc/covidhgi2020A2v5alleurLeaveUKBB.sumstats.gz	0.0354	0.0645	0.5483	0.5835	0.0019	0.0005	1.0082	0.0065	-0.0049	0.0056	1143148
data/formated/ldsc/Astel2016wbc.sumstats.gz	data/formated/ldsc/covidhgi2020B2v5alleurLeaveUKBB.sumstats.gz	0.0324	0.0656	0.4942	0.6211	0.0015	0.0005	1.0072	0.008	-0.0038	0.0058	1136412
data/formated/ldsc/Astel2016wbc.sumstats.gz	data/formated/ldsc/covidhgi2020C2v5alleurLeaveUKBB.sumstats.gz	-0.0278	0.0645	-0.431	0.6665	0.0014	0.0003	1.0165	0.0064	0.0011	0.0053	1158118
data/formated/ldsc/Astel2016plt.sumstats.gz	data/formated/ldsc/covidhgi2020A2v5alleur.sumstats.gz	0.0415	0.0562	0.7384	0.4603	0.0014	0.0004	1.0103	0.0069	-0.0073	0.0051	1145448
data/formated/ldsc/Astel2016plt.sumstats.gz	data/formated/ldsc/covidhgi2020B2v5alleur.sumstats.gz	0.054	0.0516	1.0478	0.2947	0.0013	0.0004	1.0044	0.008	-0.009	0.0055	1141678
data/formated/ldsc/Astel2016plt.sumstats.gz	data/formated/ldsc/covidhgi2020C2v5alleur.sumstats.gz	-0.0062	0.0546	-0.1142	0.909	0.0013	0.0003	1.0217	0.0065	0.0033	0.0051	1164408
data/formated/ldsc/Astel2016plt.sumstats.gz	data/formated/ldsc/covidhgi2020A2v5alleurLeaveUKBB.sumstats.gz	0.0251	0.056	0.4477	0.6544	0.0019	0.0005	1.0082	0.0065	-0.0062	0.005	1143148
data/formated/ldsc/Astel2016plt.sumstats.gz	data/formated/ldsc/covidhgi2020B2v5alleurLeaveUKBB.sumstats.gz	0.0364	0.0508	0.7166	0.4736	0.0015	0.0005	1.0072	0.008	-0.0034	0.0056	1136412
data/formated/ldsc/Astel2016plt.sumstats.gz	data/formated/ldsc/covidhgi2020C2v5alleurLeaveUKBB.sumstats.gz	-0.0412	0.0571	-0.7215	0.4706	0.0014	0.0003	1.0165	0.0064	0.0086	0.0046	1158118
data/formated/ldsc/Mills2021afb.sumstats.gz	data/formated/ldsc/covidhgi2020A2v5alleur.sumstats.gz	-0.2279	0.0589	-3.8677	0.0001	0.0014	0.0004	1.0103	0.007	0.0018	0.0049	1141094
data/formated/ldsc/Mills2021afb.sumstats.gz	data/formated/ldsc/covidhgi2020B2v5alleur.sumstats.gz	-0.2776	0.0642	-4.3231	1.5385e-05	0.0013	0.0004	1.0039	0.0081	-0.0037	0.0053	1137816
data/formated/ldsc/Mills2021afb.sumstats.gz	data/formated/ldsc/covidhgi2020C2v5alleur.sumstats.gz	-0.1802	0.0578	-3.1193	0.0018	0.0013	0.0003	1.0216	0.0064	-0.0079	0.0054	1160705
data/formated/ldsc/Mills2021afb.sumstats.gz	data/formated/ldsc/covidhgi2020A2v5alleurLeaveUKBB.sumstats.gz	-0.2001	0.0517	-3.868	0.0001	0.0019	0.0005	1.008	0.0065	0.002	0.0048	1138912
data/formated/ldsc/Mills2021afb.sumstats.gz	data/formated/ldsc/covidhgi2020B2v5alleurLeaveUKBB.sumstats.gz	-0.1777	0.0606	-2.9319	0.0034	0.0015	0.0005	1.0061	0.008	-0.0009	0.0054	1132805
data/formated/ldsc/Mills2021afb.sumstats.gz	data/formated/ldsc/covidhgi2020C2v5alleurLeaveUKBB.sumstats.gz	-0.0145	0.0586	-0.2476	0.8044	0.0014	0.0003	1.0164	0.0063	0.0017	0.0054	1154875
