SNP,effect_allele.exposure,other_allele.exposure,effect_allele.outcome,other_allele.outcome,beta.exposure,beta.outcome,eaf.exposure,eaf.outcome,remove,palindromic,ambiguous,id.outcome,chr.outcome,pos.outcome,se.outcome,z.outcome,pval.outcome,samplesize.outcome,outcome,mr_keep.outcome,pval_origin.outcome,chr.exposure,pos.exposure,se.exposure,z.exposure,pval.exposure,samplesize.exposure,exposure,mr_keep.exposure,pval_origin.exposure,id.exposure,action,mr_keep,pt,pleitropy_keep,mrpresso_RSSobs,mrpresso_pval,mrpresso_keep
rs11725618,C,T,C,T,0.0187,0.14038,0.287,0.2774,FALSE,FALSE,FALSE,TxYhEP,4,67053769,0.087915,1.596769607006768,0.1103,2956,covidhgi2020anaB1v2,TRUE,reported,4,67053769,0.0031899999999999997,5.862068965517242,4.670000000000001e-9,263954,Liu2019smkcpd,TRUE,reported,P1SWcU,2,TRUE,5e-8,TRUE,NA,NA,TRUE
rs2072659,G,C,G,C,-0.0359,0.07664800000000001,0.105,0.09057,FALSE,TRUE,FALSE,TxYhEP,1,154548521,0.13615,0.5629673154608889,0.5735,2956,covidhgi2020anaB1v2,TRUE,reported,1,154548521,0.00526,-6.825095057034221,1.7100000000000002e-12,263954,Liu2019smkcpd,TRUE,reported,P1SWcU,2,TRUE,5e-8,TRUE,NA,NA,TRUE
rs2084533,T,C,T,C,0.0166,-0.12655,0.319,0.3229,FALSE,FALSE,FALSE,TxYhEP,3,16872929,0.082213,-1.53929,0.1237,2956,covidhgi2020anaB1v2,TRUE,reported,3,16872929,0.00293,5.665529010238908,1.22e-8,263954,Liu2019smkcpd,TRUE,reported,P1SWcU,2,TRUE,5e-8,TRUE,NA,NA,TRUE
rs215600,A,G,A,G,-0.0246,0.075555,0.64,0.6533,FALSE,FALSE,FALSE,TxYhEP,7,32333642,0.083026,0.9100161395225591,0.3628,2956,covidhgi2020anaB1v2,TRUE,reported,7,32333642,0.0028699999999999997,-8.571428571428573,1.1e-17,263954,Liu2019smkcpd,TRUE,reported,P1SWcU,2,TRUE,5e-8,TRUE,NA,NA,TRUE
rs2273500,C,T,C,T,0.0347,0.062811,0.159,0.1429,FALSE,FALSE,FALSE,TxYhEP,20,61986949,0.10789000000000001,0.5821762906664195,0.5605,2956,covidhgi2020anaB1v2,TRUE,reported,20,61986949,0.00398,8.71859296482412,2.47e-18,263954,Liu2019smkcpd,TRUE,reported,P1SWcU,2,TRUE,5e-8,TRUE,NA,NA,TRUE
rs2386571,C,A,C,A,-0.0159,0.090837,0.57,0.5597,FALSE,FALSE,FALSE,TxYhEP,16,52074123,0.079927,1.1364995558447084,0.2557,2956,covidhgi2020anaB1v2,TRUE,reported,16,52074123,0.00278,-5.7194244604316555,1.03e-8,263954,Liu2019smkcpd,TRUE,reported,P1SWcU,2,TRUE,5e-8,TRUE,NA,NA,TRUE
rs2424888,A,G,A,G,0.017,-0.025907999999999997,0.405,0.383,FALSE,FALSE,FALSE,TxYhEP,20,31047533,0.089489,-0.2895104426242331,0.7722,1408,covidhgi2020anaB1v2,TRUE,reported,20,31047533,0.0028699999999999997,5.923344947735193,2.7600000000000004e-9,263954,Liu2019smkcpd,TRUE,reported,P1SWcU,2,TRUE,5e-8,TRUE,NA,NA,TRUE
rs3025383,C,T,C,T,-0.0292,-0.0086705,0.18,0.1935,FALSE,FALSE,FALSE,TxYhEP,9,136502369,0.098675,-0.08786926779832784,0.93,2956,covidhgi2020anaB1v2,TRUE,reported,9,136502369,0.00359,-8.133704735376044,2.22e-16,263954,Liu2019smkcpd,TRUE,reported,P1SWcU,2,TRUE,5e-8,TRUE,NA,NA,TRUE
rs34406232,A,C,A,C,-0.0739,-0.28916,0.0259,0.02936,FALSE,FALSE,FALSE,TxYhEP,19,41305530,0.25092,-1.1523991710505341,0.2492,2956,covidhgi2020anaB1v2,TRUE,reported,19,41305530,0.008329999999999999,-8.871548619447779,1.3299999999999999e-18,263954,Liu2019smkcpd,TRUE,reported,P1SWcU,2,TRUE,5e-8,TRUE,NA,NA,TRUE
rs4785587,A,G,A,G,-0.0171,0.022862,0.511,0.5347,FALSE,FALSE,FALSE,TxYhEP,16,89772619,0.079831,0.28637997770289736,0.7746,2956,covidhgi2020anaB1v2,TRUE,reported,16,89772619,0.00283,-6.042402826855124,1.27e-9,263954,Liu2019smkcpd,TRUE,reported,P1SWcU,2,TRUE,5e-8,TRUE,NA,NA,TRUE
rs56113850,C,T,C,T,0.056,-0.040986,0.568,0.5375,FALSE,FALSE,FALSE,TxYhEP,19,41353107,0.08003500000000001,-0.5121009558318236,0.6086,2956,covidhgi2020anaB1v2,TRUE,reported,19,41353107,0.0029100000000000003,19.243986254295532,1.0999999999999997e-81,263954,Liu2019smkcpd,TRUE,reported,P1SWcU,2,TRUE,5e-8,TRUE,NA,NA,TRUE
rs58379124,C,T,C,T,0.0337,0.1481,0.748,0.765,FALSE,FALSE,FALSE,TxYhEP,8,42579203,0.091895,1.6116219598454757,0.107,2956,covidhgi2020anaB1v2,TRUE,reported,8,42579203,0.00331,10.181268882175226,9e-25,263954,Liu2019smkcpd,TRUE,reported,P1SWcU,2,TRUE,5e-8,TRUE,NA,NA,TRUE
rs632811,G,A,G,A,-0.019,-0.010275,0.351,0.3523,FALSE,FALSE,FALSE,TxYhEP,15,59155050,0.090567,-0.11345191957335453,0.9097,1408,covidhgi2020anaB1v2,TRUE,reported,15,59155050,0.00328,-5.7926829268292686,1.03e-8,263954,Liu2019smkcpd,TRUE,reported,P1SWcU,2,TRUE,5e-8,TRUE,NA,NA,TRUE
rs73229090,A,C,A,C,0.0282,0.012421,0.113,0.1073,FALSE,FALSE,FALSE,TxYhEP,8,27442127,0.12484,0.09949535405318807,0.9207,2956,covidhgi2020anaB1v2,TRUE,reported,8,27442127,0.00447,6.308724832214765,2.4400000000000004e-10,263954,Liu2019smkcpd,TRUE,reported,P1SWcU,2,TRUE,5e-8,TRUE,NA,NA,TRUE
rs7431710,A,G,A,G,-0.0173,0.083957,0.644,0.665,FALSE,FALSE,FALSE,TxYhEP,3,48935583,0.08189400000000001,1.0251911006911372,0.3053,2956,covidhgi2020anaB1v2,TRUE,reported,3,48935583,0.0028699999999999997,-6.027874564459931,1.82e-9,263954,Liu2019smkcpd,TRUE,reported,P1SWcU,2,TRUE,5e-8,TRUE,NA,NA,TRUE
rs75494138,T,C,T,C,0.0295,-0.062437,0.0618,0.08337,FALSE,FALSE,FALSE,TxYhEP,11,46465361,0.14096,-0.44294125993189554,0.6578,2956,covidhgi2020anaB1v2,TRUE,reported,11,46465361,0.005229999999999999,5.640535372848949,1.4499999999999999e-8,263954,Liu2019smkcpd,TRUE,reported,P1SWcU,2,TRUE,5e-8,TRUE,NA,NA,TRUE
rs787362,A,T,A,T,0.0151,0.29509,0.452,0.4084,FALSE,TRUE,TRUE,TxYhEP,4,67904931,0.077252,3.8198363796406567,1.335e-4,2956,covidhgi2020anaB1v2,TRUE,reported,4,67904931,0.0027600000000000003,5.471014492753623,4.5e-8,263954,Liu2019smkcpd,TRUE,reported,P1SWcU,2,FALSE,5e-8,TRUE,NA,NA,NA
rs790564,C,A,C,A,-0.0205,0.11267,0.719,0.7442,FALSE,FALSE,FALSE,TxYhEP,8,64604218,0.08753999999999999,1.2870687685629427,0.1981,2956,covidhgi2020anaB1v2,TRUE,reported,8,64604218,0.0031,-6.612903225806452,3.97e-11,263954,Liu2019smkcpd,TRUE,reported,P1SWcU,2,TRUE,5e-8,TRUE,NA,NA,TRUE
rs7928017,A,C,A,C,-0.0165,-0.045699000000000004,0.413,0.4372,FALSE,FALSE,FALSE,TxYhEP,11,113448762,0.080101,-0.5705172220072159,0.5683,2956,covidhgi2020anaB1v2,TRUE,reported,11,113448762,0.0028,-5.892857142857143,3.14e-9,263954,Liu2019smkcpd,TRUE,reported,P1SWcU,2,TRUE,5e-8,TRUE,NA,NA,TRUE
rs7951365,C,T,C,T,0.0196,-0.021994,0.306,0.2947,FALSE,FALSE,FALSE,TxYhEP,11,16377044,0.0836,-0.26308612440191387,0.7925,2956,covidhgi2020anaB1v2,TRUE,reported,11,16377044,0.00301,6.511627906976744,6.629999999999999e-11,263954,Liu2019smkcpd,TRUE,reported,P1SWcU,2,TRUE,5e-8,TRUE,NA,NA,TRUE
rs8034191,C,T,C,T,0.0906,-0.021245,0.328,0.3374,FALSE,FALSE,FALSE,TxYhEP,15,78806023,0.081726,-0.2599539926094511,0.7949,2956,covidhgi2020anaB1v2,TRUE,reported,15,78806023,0.00292,31.027397260273975,1e-200,263954,Liu2019smkcpd,TRUE,reported,P1SWcU,2,TRUE,5e-8,TRUE,NA,NA,TRUE
rs806798,C,T,C,T,-0.0155,-0.0028609,0.543,0.4729,FALSE,FALSE,FALSE,TxYhEP,6,26214473,0.078486,-0.03645108681803124,0.9709,2956,covidhgi2020anaB1v2,TRUE,reported,6,26214473,0.00279,-5.555555555555555,2.48e-8,263954,Liu2019smkcpd,TRUE,reported,P1SWcU,2,TRUE,5e-8,TRUE,NA,NA,TRUE
rs895330,G,C,G,C,-0.0198,-0.079563,0.206,0.177,FALSE,TRUE,FALSE,TxYhEP,19,4060707,0.1008,-0.7893154761904762,0.4299,2956,covidhgi2020anaB1v2,TRUE,reported,19,4060707,0.0036,-5.500000000000001,2.6800000000000002e-8,263954,Liu2019smkcpd,TRUE,reported,P1SWcU,2,TRUE,5e-8,TRUE,NA,NA,TRUE
